Timestamp,PM2.5,PM10,NO,NO2,NOx,NH3,SO2,CO,Ozone,Benzene,Eth-Benzene,MP-Xylene,AT,RH,WS,WD,SR,AQI
19-06-2023,34.09,148.75,4.15,22.94,14.91,19.02,33.7,1.24,46.11,2.6,2.44,11.9,37.31,36.61,1.65,244.17,255.15,62
20-06-2023,35.2,126.7,3.57,19.67,12.74,18.97,23.13,1.14,44.06,1.91,1.75,7.92,35.11,42.13,1.67,252.83,221.88,106
21-06-2023,31.86,119.1,2.67,19.64,12.01,10.61,20.02,1.28,52.33,1.99,1.62,8.57,33.95,45.98,1.74,241.79,208.88,109
22-06-2023,34.39,112.2,2.64,22.19,13.31,16.49,31.21,1.38,39.79,2.19,1.61,8.6,30.76,58.31,1.78,210.81,126.83,106
23-06-2023,24.3,41.09,3.2,18.35,11.75,19.06,23.99,1.4,15.72,1.83,1.84,8.97,24.43,87.87,1.53,237.05,40.43,108
24-06-2023,25.33,71.31,4.36,31.62,19.62,17.54,12.1,1.68,22.42,3.52,3.49,15.03,27.19,74.45,1.5,234.23,118.53,107
25-06-2023,23.91,83.39,2.24,23.06,13.44,15.8,16.42,1.5,28.82,2.25,1.99,9.23,27.81,72.53,1.52,233.41,95.49,90
26-06-2023,16.66,46.3,3.31,17.68,11.49,22.94,8.8,1.38,24.72,1.7,1.49,8.1,25.06,85.64,1.58,244.59,92.24,68
27-06-2023,14.3,26.61,4.19,15.48,11.05,19.64,4.2,1.39,15.69,1.81,3.43,10.42,23.82,87.44,1.51,244.18,36.28,43
28-06-2023,14.5,37.52,4.6,22.54,15.06,18.65,15.91,1.53,11.75,2.14,2.27,10.56,24.9,84.27,1.46,240.46,55.07,54
29-06-2023,15.67,42.59,2.07,18.48,10.92,16.73,21.66,0.84,15.04,1.53,1.48,7.09,26.5,78.47,1.5,234.5,111.28,65
30-06-2023,11.91,39.21,2.42,14.53,9.13,16.69,18.35,0.44,19.2,1.24,1.13,5.52,27.53,71.73,1.54,238.89,132.41,54
01-07-2023,11.26,52.13,3.33,17.96,11.66,17.46,17.61,0.49,19.25,1.51,1.77,7.84,28.01,68.31,1.52,238.11,114.75,289
02-07-2023,14.38,56.39,8.06,23.6,18.39,17.72,17.83,0.88,16.07,2.76,2.69,10.61,27.7,70.57,1.49,244.96,130.39,68
03-07-2023,23.39,87.64,3.19,25.69,15.6,7.33,39.18,0.88,20.64,3.24,3.01,13.69,29.99,67.26,1.47,247.71,162.05,59
04-07-2023,27.4,102.33,2.34,19.62,11.81,14.88,23.13,0.7,35.74,1.85,1.43,7.62,30.6,65.6,1.63,220.76,204.57,80
05-07-2023,23.91,73.34,2.95,19.4,12.18,15.77,12.67,0.89,31.14,2.29,2,10.21,28.14,73.78,1.74,174.85,139.94,80
06-07-2023,16.79,68.45,1.69,16.18,9.49,19.52,14.68,0.65,28.34,1.22,1.12,5.54,28.74,71.94,1.58,224.36,158.9,93
07-07-2023,11.12,49.26,2.86,14.95,9.92,16.36,12.88,0.58,12.58,1.32,1.03,4.75,26.88,74.58,1.55,227.58,84.94,96
08-07-2023,9.76,37.67,2.82,14.36,9.76,21.43,19.45,0.55,4.69,1.04,1.62,5.64,25.38,83.03,1.55,226.8,80.83,77
09-07-2023,13.8,43.84,4.53,16.37,12.19,20.16,17.13,0.72,5.23,1.75,2.18,7.19,25.07,81.08,1.49,233.11,95.14,101
10-07-2023,18.28,56.35,3.93,18.35,12.47,12.57,27.95,0.75,12.27,2.38,2.4,10.81,26.43,78.49,1.51,228.48,124.04,57
11-07-2023,14.63,37.3,3.62,15,10.74,19.55,23.94,0.65,8.01,1.37,1.62,7.14,24.4,85.85,1.47,227.11,36.87,71
12-07-2023,16.13,36.79,3.92,16.08,11.54,20.16,21.5,0.77,16.37,1.83,1.76,8.74,24.66,85.64,1.49,220.99,53.41,107
13-07-2023,18.87,69.35,2.74,19.76,12.52,21.14,25.41,0.89,23.15,2.44,2.4,10.49,26.01,79.84,1.47,221.93,72.87,84
14-07-2023,19.2,58.84,5.2,23.11,16.24,15.31,30.94,1.15,16.21,3.3,3.15,13.65,26.08,83.07,1.43,236.3,72.99,90
15-07-2023,28.45,77,4.32,23.99,16,13.04,36.68,0.88,6.78,2.53,3.93,12.95,26.18,80.83,1.48,238.89,56.34,114
16-07-2023,19.14,35.86,2.11,15.29,9.61,20.24,21.14,0.47,7.43,1.13,1.47,4.81,24.35,88.45,1.42,236.16,55.5,110
17-07-2023,13.12,35.86,4.93,17.28,12.99,17.33,22.42,0.65,4.26,2.09,1.92,9.93,25.63,82.03,1.5,229.45,84.19,116
18-07-2023,14.03,39.34,2.75,18.06,11.64,19.85,25.35,0.75,11.62,2.5,2.57,11.44,25.59,85.23,1.51,247.71,56.29,117
19-07-2023,21.22,38.75,2.94,16.07,10.75,15.91,35.46,0.85,15.45,2.65,2.27,11.27,26.32,85.8,1.47,215.87,85.76,110
20-07-2023,16.5,32.31,2.89,14.79,10.04,18.84,24.51,0.71,8.79,2.11,2.97,9.93,26.71,84.21,1.44,242.52,92.01,92
21-07-2023,10.57,21.14,2.57,17.3,10.87,15.73,18.81,0.69,9.85,2.07,2.04,9.31,24.92,89.91,1.48,251.43,56.14,92
22-07-2023,14.77,27.51,3.43,16.35,11.05,18.11,21.65,0.65,14.57,1.72,1.3,6.66,25.36,86.2,1.79,170.37,77.66,67
23-07-2023,14.27,26.24,2.68,14.17,9.31,16.6,14.16,0.64,7.89,1.55,1.29,5.92,25.07,86.39,1.46,211.81,53.69,79
24-07-2023,14.5,43.79,11.47,17.63,18.31,17.74,26.1,1.07,8.8,4.89,4.58,16.35,26.94,80.27,1.46,230.95,122.03,64
25-07-2023,19.73,59.4,3.5,19.27,12.76,14.43,37.51,0.79,10,2.54,1.77,9.75,27.52,79.83,1.5,246.05,132.44,61
26-07-2023,21.47,57.1,2.72,19.15,12.19,17.37,28.3,0.81,17.94,2.66,2.26,10.38,28.99,74.6,1.6,234.25,181.04,56
27-07-2023,19.45,47.45,2.14,15.7,9.92,23.19,30.7,0.71,23.22,2.05,1.72,7.65,25.97,86.33,1.6,222.85,107.94,52
28-07-2023,18.55,43.92,5.64,14.31,11.92,17.64,24.76,0.76,13.36,2.59,2.11,10.42,26.09,84.74,1.51,233.03,61.89,41
29-07-2023,16.53,56.78,4.21,19.3,13.22,21.13,17.74,0.6,13.97,1.46,1.45,6.16,26.47,75.85,1.48,230.52,80.89,67
30-07-2023,11.05,53.89,3.55,11.93,8.84,18.46,14.08,0.5,14.75,0.86,1.2,3.74,26.7,75.02,1.49,229.7,90.8,41
31-07-2023,15.84,60.04,4.67,16.62,12.19,20.55,13.69,0.69,12.92,2.61,2.41,10.23,26.8,74.75,1.46,234.23,86.75,69
01-08-2023,16.15,65.09,4.07,13.92,10.29,20.68,13.32,0.62,15.9,1.85,1.57,7.44,27.36,74.84,1.52,232.52,141.61,85
02-08-2023,13.48,42.87,5.67,14.02,11.63,23.66,13.32,0.68,11.27,2.02,1.72,8.84,24.8,83.03,1.5,226.69,32.71,87
03-08-2023,12.8,31.13,6.24,12.78,11.44,27.48,14.79,0.63,10.6,1.52,1.53,7.2,22.85,92.04,1.5,218.4,24.2,91
04-08-2023,15.74,51.42,6,14.46,12.12,24.31,17.23,0.74,11.26,2.51,2.49,10.78,25.08,81.41,1.5,218.41,91.71,87
05-08-2023,15.41,61.83,4.87,16.01,12.03,21.09,18.26,0.67,16.95,1.8,2.01,8.08,26.62,74.61,1.49,223.33,126.82,104
06-08-2023,15.94,53.7,3.74,13.91,10.02,27.09,16,0.58,18.61,1.02,1.17,4.35,26.33,75.85,1.52,220.17,128.8,90
07-08-2023,14.9,70.83,4.27,15.24,11.28,26.09,32.04,0.84,15.15,2.7,1.85,8.28,26.59,72.72,1.48,218.13,119.17,82
08-08-2023,19.56,84.25,4.35,16.92,12.33,28.99,27.23,0.94,16.14,1.96,2.99,9.28,26.68,70.86,1.47,222.58,103.61,73
09-08-2023,22.88,89.33,4.46,18.62,12.92,28.4,27.96,0.97,14.95,3.06,3.17,12.53,26.76,71.77,1.42,225.92,93.8,99
10-08-2023,22.47,97.26,4.69,20.14,13.89,25.2,26.44,0.99,16.13,2.68,3.17,11.18,28.11,66.91,1.43,239.25,154.31,111
11-08-2023,19.8,82.91,4.47,19.31,13.27,25.08,26.58,1.01,22.06,2.75,2.39,10.96,28.21,65.82,1.48,242.82,166.4,117
12-08-2023,24.5,86.5,4.71,19.35,13.48,31.81,26.58,0.98,24.93,2.08,2.39,9.24,28.25,65.93,1.47,242.41,165.24,112
13-08-2023,25.32,71.55,3.77,17.83,11.94,28.23,26.97,0.92,22.37,1.56,2.19,7.21,27.85,65.77,1.45,234.02,157.36,98
14-08-2023,25.99,90.67,5.12,19.67,13.98,20.92,28.06,1.06,19.93,2.35,2.59,10.25,26.88,70.01,1.42,233.66,69.57,105
15-08-2023,20.12,74.85,4.17,17.83,12.25,16.74,20.32,1,16.7,1.49,1.72,6.55,26.71,72.3,1.41,234.43,91.24,126
16-08-2023,23.5,79.87,3.78,18.41,12.26,19.64,16.41,1.07,23.11,2.13,1.73,8.79,27.69,69.23,1.43,238.79,120.04,142
17-08-2023,28.47,97.91,4.43,19.05,13.1,24.99,21.62,1.2,29.67,3.31,3.11,13.83,27.87,69.98,1.48,232.06,159.07,139
18-08-2023,20.58,40.18,5.26,15.82,12.08,20.64,29.89,1.18,25.32,2.48,2.39,11.52,23.76,86.76,1.49,249.87,41.05,150
19-08-2023,17.46,38.88,4.16,15.35,10.96,30.29,27.12,1.16,18.92,2.79,1.99,9.89,23.38,89.4,1.49,251.36,18.23,142
20-08-2023,15.34,33.81,3.02,14.1,9.38,27.86,21.74,1.06,19.63,1.52,1.73,6.72,24.12,85.81,1.44,232.13,44.29,68
21-08-2023,23.79,65.47,4.31,15.4,11.1,12.57,24.85,1.21,16.28,2.71,3.12,11.55,25.58,79.68,1.42,235.02,79.49,90
22-08-2023,19.77,66.19,3.92,17.52,11.89,21.48,27.52,1.2,22.47,2.65,4.23,12.48,25.95,77.05,1.4,232.57,92.27,99
23-08-2023,16.91,51.5,5.2,17.19,12.75,19.36,25.87,1.23,18.27,2.56,2.95,11.96,25.53,82.61,1.42,231.93,73.82,100
24-08-2023,12.7,39.5,6.71,18.45,14.62,17.21,28.23,1.3,5.85,3.74,3.42,13.38,25.75,80.59,1.39,237.93,88.01,90
25-08-2023,15.05,60.39,5.01,17.51,12.77,14.27,20.2,1.18,17.49,2.46,2.26,10.47,27.21,70.95,1.44,225.76,128.09,121
26-08-2023,16.5,73.27,4.36,17.24,12.1,23.15,17.42,1.14,15.63,1.67,1.9,7.41,27.85,68.24,1.47,234.96,165.09,174
27-08-2023,21.24,75.56,3.02,13.99,9.33,19.07,15.16,1.05,19.85,1.12,1.63,5.21,27.54,68.86,1.48,234.35,152.59,243
28-08-2023,38.22,155.82,2.84,20.55,12.62,24.91,22.07,1.26,21.75,1.96,2.63,9.61,27.55,63.96,1.45,247.59,148.31,161
29-08-2023,33,127.66,3.13,20,12.56,18.16,24.85,1.29,24.58,2.54,2.61,10.64,27.72,63.86,1.47,260.74,160.56,117
30-08-2023,25.24,105.44,3.18,15.41,10.2,25.03,20.28,1.22,33.58,1.08,1.01,5.12,28.56,60.68,1.56,257.34,186.13,116
31-08-2023,30.29,94.21,4.04,22.86,14.78,17.63,22.92,1.32,28.51,4.24,12.49,10.37,27.49,68.16,1.52,241.45,133.6,114
01-09-2023,34.66,107.8,3.04,24.69,14.94,20.34,23.99,1.37,32.01,6,8.97,12.85,29.62,62.4,1.46,244.16,142.46,115
02-09-2023,37.77,108.55,2.68,24.41,14.5,19.11,27.83,1.47,30.44,2.96,2.7,12.29,30,62.95,1.45,262.35,121.03,113
03-09-2023,29.29,85.88,3.27,20.03,12.69,16.4,24.42,1.24,29.14,1.39,1.29,6.12,27.27,73.05,1.53,242.7,123.78,101
04-09-2023,23.9,70.26,3.58,22.28,14.11,21.59,21.76,1.39,27.6,2.23,2.11,10.02,27.56,70.83,1.49,241.76,166.67,85
05-09-2023,25.9,65.54,3.24,22.83,14.13,19.6,27.22,1.15,24.89,2.76,3.1,12.59,25.85,81.16,1.53,237.52,120.6,98
06-09-2023,26.61,51.38,3.63,22.45,14.24,18.44,28.79,0.93,20.31,3.66,3.45,15.24,25.36,85.11,1.44,239.65,53.55,111
07-09-2023,29.69,54.3,2.8,22.46,13.76,25.49,28.75,0.86,17.11,3.64,2.61,12.63,25.55,85.4,1.47,201.62,61.55,75
08-09-2023,19.54,36.47,3.86,16.55,11.74,25.7,17.42,0.69,13.25,1.79,1.75,8.31,25.55,85.33,1.48,223.8,67.49,90
09-09-2023,12.21,25.98,3.4,15.75,10.95,17.81,11.5,0.74,12.73,2.01,1.76,8.32,24.73,88.7,1.5,214.63,51.37,87
10-09-2023,20.7,41.78,2.5,14.64,9.65,14.77,9.79,0.64,13.2,1.58,1.66,6.75,25.1,86.23,1.43,221.42,55.77,80
11-09-2023,22.22,64.51,3.46,17.25,11.79,19.02,12.92,0.81,14.09,2.97,3.5,12.87,25.64,79.05,1.45,232.94,45.68,92
12-09-2023,21.69,65.77,2.88,16.27,10.81,19.89,14.88,0.72,22.29,2.23,1.78,9.46,26.36,74.88,1.51,244.03,91.34,97
13-09-2023,19.18,54.1,3.84,17.82,12.39,17.94,15.23,0.8,17.21,2.84,2.5,11.72,25.14,77.94,1.46,241.97,35.96,83
14-09-2023,21.56,47.59,2.85,15.21,10.23,20.03,20.93,0.79,14.93,2.24,2.25,9.82,24.37,87.16,1.44,249.65,49.92,NA 
15-09-2023,14.97,25.9,3.57,12.01,9.02,25.98,14.2,0.55,15.39,1.13,0.93,4.54,23.28,91.26,1.51,221.95,8.5,56
16-09-2023,13.93,35.59,5.13,15.81,11.97,17.2,12.93,0.57,13.46,2.24,4.41,15.6,25.01,79.78,1.5,220.4,69.83,53
17-09-2023,15.32,51.72,8.05,18.95,15.96,18.64,16.69,0.92,10.57,5.21,3.02,12.76,26.52,74.34,1.41,232.55,127.26,40
18-09-2023,19.69,72.69,6.99,22.9,17.17,13.84,22.3,0.85,12.48,3.83,3.4,14.16,27.33,72.01,1.38,250.1,145.73,39
19-09-2023,25.52,71.1,2.52,21.33,12.76,16.73,16,0.65,15.83,2.31,2.85,8.82,28.07,70.71,1.39,237.27,170.79,33
20-09-2023,19.14,54.71,4.51,23.56,15.52,18.68,15.55,0.86,12.13,3.52,3.37,13.33,26.2,79.11,1.42,249.22,78.92,40
21-09-2023,18.71,36.57,4.4,21.03,14.12,20.03,16.13,0.75,11.11,2.53,2.33,10.52,24.01,86.97,1.39,239.69,24.99,51
22-09-2023,14.61,25.45,6,20.17,15.18,20.54,16.84,0.88,7.78,2.84,2.59,11.37,23.12,92.17,1.37,227.38,10.11,60
23-09-2023,29.2,49.13,5.04,26.28,17.78,20.41,20.66,1.22,18.2,4.92,5.29,16.72,23.69,91.28,1.58,222.02,27.68,72
24-09-2023,24.86,47.34,3.51,19.67,13.09,20.72,17.71,0.74,18.76,2.12,2.63,8.77,25.5,81.02,1.54,225.67,154.52,70
25-09-2023,27.27,67.62,3.93,18.37,12.75,18.75,11.78,0.76,23.83,2.15,1.52,7.62,25.79,78.17,1.65,212.41,175.17,68
26-09-2023,26.62,65.79,3.34,18.14,11.93,17.65,12.65,0.87,27.12,2.63,1.81,9.35,27.24,72.03,1.72,185.99,241.66,55
27-09-2023,36.88,84.4,3.43,26.16,16.4,18.37,15.54,1.12,25.78,4.02,3.03,13,27.64,72.33,1.53,222.19,169.68,105
28-09-2023,46.75,106.24,7.24,31.5,22.26,18.88,23.23,1.24,16.2,5.03,2.51,12.7,28.2,70.98,1.6,198.18,185.73,166
29-09-2023,42.15,97.38,2.45,22.11,13.52,15.74,20.93,0.85,28.74,2.45,1.42,6.46,26.62,75.07,1.62,195.13,134.03,182
30-09-2023,47.02,99.34,3.75,30.19,18.78,18.62,17.02,1.17,26.41,3.79,2.9,11.5,25.78,78.91,1.52,215.85,158.04,155
01-10-2023,53.23,110.99,2.93,27.35,16.64,19.29,22.72,1.08,27.64,3.49,4.59,12.23,27.93,69.47,1.49,253.23,201.74,144
02-10-2023,30.67,88.94,2.88,20.2,12.87,20.9,17.01,0.91,26.01,2.62,1.88,8.66,28.02,67.7,1.62,249.35,206.68,150
03-10-2023,30.04,89.99,3.37,25.07,15.68,19.23,18.06,0.98,32.14,2.7,1.92,9.26,28.61,60.24,1.71,241.73,210.66,147
04-10-2023,39.38,116.9,1.2,25.11,14.04,19.61,15.97,1.01,48.59,3.05,2.26,10.03,27.67,52,1.63,268.4,240.03,131
05-10-2023,37.73,117.57,1.6,23.48,13.45,22.03,15.25,1,38.43,3.15,2.18,9.76,27.64,52.73,1.66,275.55,252.1,118
06-10-2023,38.82,115.05,1.55,24.44,14.01,23.54,15.41,1.06,40.2,3.23,2.59,10.28,27.76,54.77,1.68,273.8,220,108
07-10-2023,35.16,107.72,2.03,27.21,18.5,26.9,21.83,0.85,46.47,3.99,1.83,8.41,28.59,54.35,1.58,250.23,243.91,107
08-10-2023,40.88,111.22,1.05,24.06,13.41,24.44,25.37,0.71,49.94,2.43,1.77,7.17,29.26,52.98,1.57,222.33,228.83,97
09-10-2023,48.65,125.43,2.29,30.16,17.55,29.18,26.55,1.14,45.01,4.9,4.58,15.29,29.26,52.94,1.54,253.99,234.2,97
10-10-2023,54.45,132.36,1.52,26.14,14.71,27.47,34.8,0.9,49.37,3.84,2.36,10.38,29.02,53.79,1.59,223.16,228.27,112
11-10-2023,57.71,143.35,2,30.69,17.48,28.97,40,1.15,42.26,4.7,3.54,14.28,29.25,55.46,1.56,222.35,187.37,133
12-10-2023,64.42,155.23,1.6,30.99,17.31,28.21,43.49,1.06,42.31,4.78,3.21,13.31,28.69,55.21,1.53,228.98,183.32,140
13-10-2023,54.24,140,7.01,32.99,22.69,30.8,49.22,1.34,30.95,5.74,4.62,17.11,28.46,53.31,1.56,223.89,178.01,130
14-10-2023,65.29,157.08,2.85,30.67,18.15,32.4,58.99,1.12,40.85,4.75,3.77,13.88,28.13,53.64,1.51,224.01,157.7,119
15-10-2023,78.32,153.65,2.02,26.64,15.37,32.37,55.43,0.95,43.14,3.75,3.2,11.39,27.92,56.02,1.48,233.85,163.75,115
16-10-2023,74.57,143.5,1.92,28.48,16.26,33.99,42.11,1.12,36.79,4.25,3.1,13.68,27.43,56.55,1.54,226.87,6.85,NA 
17-10-2023,68.11,134.77,1.9,29.21,16.63,27.56,41.34,1.09,51.95,4.07,3.17,12.88,27.18,59.47,1.56,226.65,168.56,97
18-10-2023,62.39,133.86,2.78,25.6,15.45,30.85,52.48,1.03,44.93,3.44,2.48,11.34,27.53,57.09,1.64,186.54,191.19,103
19-10-2023,57.85,124.3,2.19,20.31,12.21,25.87,37.58,0.9,52.61,2.76,1.69,8.87,27,58.71,1.72,147.95,182.87,115
20-10-2023,64.16,133.19,3.13,23.46,14.61,24.89,41.06,1.04,40.3,3.42,2.48,11.48,26.19,60.44,1.69,174.49,171.16,146
21-10-2023,57.61,139.7,3.98,31.38,19.43,20.46,48.87,1.35,43.54,4.74,4.71,16.04,26.13,55.25,1.64,169.56,210.73,135
22-10-2023,56.66,131.1,3.13,29.29,17.66,20.56,62.66,1.29,41.74,4.76,3.43,14.15,26.06,54.51,1.62,192.51,205.16,143
23-10-2023,54.2,146.85,4.03,30.55,19.03,21.77,55.2,1.3,49.26,5.17,3.29,14.01,25.59,51.43,1.63,187.61,205.77,116
24-10-2023,60.32,130.37,6.29,26.81,18.89,23.69,47.77,1.32,54.3,4.68,2.67,11.41,24.85,51.72,1.64,186.3,207.1,135
25-10-2023,67.24,152.47,10.68,33.39,25.85,24.59,45.65,1.72,42.92,6.83,5,18.93,25.01,53.44,1.56,226.98,198.45,143
26-10-2023,77.54,171.48,6.44,36.76,24.21,27.45,59.48,1.52,39.69,6.56,4.28,16.29,25.11,49.85,1.59,226.26,194.87,174
27-10-2023,72.34,183.8,6.99,34.88,23.67,24.62,47.59,1.71,48.38,7.76,4.83,17.93,24.42,52.4,1.61,202.22,180.75,168
28-10-2023,70.11,163.34,3.28,31.47,18.91,22.77,46.15,1.54,51.42,6.17,3.75,13.98,24.23,50.75,1.6,205.79,188.48,203
29-10-2023,77.09,164.59,2.57,32.17,18.71,20.91,46.34,1.7,51.96,6.46,4.28,14.82,24.08,52.85,1.6,199.45,190.05,155
30-10-2023,96.54,197.28,2.76,34.72,20.19,21.99,55.1,1.78,54.78,7.11,4.53,16.34,24.19,55.62,1.62,189.19,182.18,158
31-10-2023,100,196.44,1.99,27.03,15.56,20.2,56.78,1.56,62.45,5.62,2.99,11.95,24.34,56.91,1.72,178.85,179.85,147
01-11-2023,98.81,192.74,3.93,31.22,19.31,21.12,49.41,1.87,54.2,7.06,4.38,15.69,24.46,59.39,1.7,165.61,164.43,164
02-11-2023,100.65,205.4,8.86,32.23,23.78,21.82,53.68,2.32,44,9.42,6.89,21.69,24.71,60.53,1.56,210.71,143.83,154
03-11-2023,99.58,204.43,9.45,30.7,23.46,23.39,55.69,2.39,42.31,9.6,7.07,22.06,24.9,60.92,1.55,222.93,136.87,182
04-11-2023,86.45,185.91,16.34,32.37,29.93,22.51,53.97,1.83,33.77,11.51,7.2,22.71,24.96,52.85,1.61,212.54,180.85,165
05-11-2023,77.08,172.73,6.21,28.54,19.89,21.18,53.17,1.47,40.43,7.9,5.1,17.04,24.08,51,1.65,199.27,151.4,171
06-11-2023,78.04,206.94,12.49,31.54,26.49,23.03,62.37,1.82,38.32,10.68,8.16,22.52,23.96,49.64,1.69,200.11,160.36,183
07-11-2023,85.96,206.14,11.19,35.97,27.77,21.14,62.38,2.08,42.6,5.64,2.38,9.8,24.28,51.22,1.58,220.22,157.53,194
08-11-2023,92.13,217.57,7.64,36.28,25.08,20.91,38.8,2.12,44.29,11.5,8.7,26.46,24.54,53.71,1.54,195.6,149.29,207
09-11-2023,98.26,231.09,9.41,37.07,26.92,23,36.07,2.42,45.93,12.54,9.34,27.89,24.8,54.66,1.55,204.56,145.64,285
10-11-2023,98.56,217.17,9.29,33.51,24.96,20.76,32.69,1.97,46.44,10.3,14.44,27.29,24.83,54.76,1.59,210.75,140.32,188
11-11-2023,116.22,254.52,7.26,36.63,24.94,26.76,37.78,2.22,54.12,11.7,9.28,27.49,25.44,54.22,1.54,225.69,138.84,126
12-11-2023,164.79,215.9,9.99,33.33,25.42,23.73,53.09,1.92,38.29,9.45,6.28,22.97,24.98,51.81,1.55,218.22,146.75,221
13-11-2023,134.19,251.41,4.11,28.66,18.27,19.42,30.81,1.62,52.19,7.08,4.58,17.28,24.08,50.73,1.61,185.2,147.27,167
14-11-2023,91.72,197.52,3.05,28.91,17.55,17.46,22.94,1.56,55.5,6.49,3.77,15.46,23.8,51.39,1.63,174.23,137.23,197
15-11-2023,141.13,235.27,6.57,31.85,21.91,18.65,21.3,2.03,46.86,9.33,6.61,22.85,23.21,54.85,1.6,197.6,135.69,283
16-11-2023,112.12,196.53,4.29,28.06,18.1,20.35,26.35,1.79,54.21,7.89,5.4,19.04,22.8,55.97,1.68,142.86,136.15,NA 
17-11-2023,126.29,209.43,7.15,30.6,21.72,19.29,28.08,2.16,59.08,9.42,7.15,23.29,22.82,55.09,1.63,173.09,146.09,348
18-11-2023,118.05,213.22,5.01,30.92,20.18,19.35,28.69,1.79,51.18,7.97,5.37,19.2,23.32,55.22,1.6,199.4,149.2,348
19-11-2023,100.44,188.28,3.16,29.07,17.72,18.91,29.12,1.62,44.89,7.09,4.46,17.12,23.67,57.16,1.6,171.2,141.46,262
20-11-2023,66.43,159.95,2.71,27.74,16.66,20.55,25.17,1.5,47.59,6.11,3.97,15.79,23.93,57.24,1.69,176.03,142.68,213
21-11-2023,82.1,177.19,6.59,28.74,20.3,20.06,21.54,1.75,43.5,7.71,5.65,18.96,23.62,57.84,1.63,183.39,142.79,303
22-11-2023,96.03,189.76,4.72,31.81,20.41,21.12,34.27,1.62,47.84,6.52,4.65,17.07,23.85,56.02,1.59,192.5,133.25,346
23-11-2023,107.91,201.23,3.18,30.75,18.61,19.88,30.46,1.48,52.42,5.75,3.56,13.67,23.26,55.96,1.62,164.89,120.93,256
24-11-2023,129.91,208.66,5.19,33.64,21.74,20.2,33.17,1.72,47.08,6.83,4.76,16.6,22.96,55.89,1.64,152.43,111.06,247
25-11-2023,162.19,256.91,3.75,34.94,21.26,18.64,45.72,1.97,50.23,8.53,5.63,19.29,22.89,56.87,1.6,146.91,107.35,226
26-11-2023,130.32,213.18,3.02,29.39,17.78,19.04,45.4,1.66,56.49,6.31,3.77,13.68,22.3,55.22,1.68,123.4,100.86,211
27-11-2023,122.36,193.07,3.29,24.74,15.56,17.45,44.13,1.63,48.69,6.05,2.66,11.6,19.95,66.31,1.7,137.11,42.26,129
28-11-2023,76.58,105.95,3.77,19.27,13.09,19.63,31.46,1.48,31.68,4.83,1.89,9.1,16.8,85.59,1.79,115.78,19.67,270
29-11-2023,54.85,93.1,5.96,24.03,17.34,21.2,29.69,1.87,21.41,7.08,4.55,16.71,20.15,81.56,1.65,125.07,109.21,305
30-11-2023,61.69,119.21,4.89,30.68,19.95,22.27,35.45,1.64,24.11,8.2,4.83,18.24,22.56,73.25,1.56,158.66,126.13,223
01-12-2023,60.11,108.41,2.97,24.29,15.07,21.57,30.79,1.21,28.41,5.98,3.18,13.9,22.87,74.13,1.58,191.89,84.92,266
02-12-2023,52.16,104.49,4.82,26.83,17.88,20.07,26.63,1.34,35.16,6.45,3.93,15.23,23.81,67.71,1.78,112.06,155.7,301
03-12-2023,68.42,132.55,3.2,27.69,17.03,21.22,29.13,1.31,46.23,6.38,3.3,13.29,23.71,65.08,1.82,106.65,150.85,171
04-12-2023,100.91,189.86,3.34,27.79,17.19,20.66,32.28,1.32,50.99,6.39,3.19,13.71,23.41,62.82,1.79,121.63,122.63,135
05-12-2023,70.83,126.5,3.53,17.64,12.04,20.88,21.76,0.85,39.11,3.36,1.45,7.6,20.66,73.86,2.17,91.36,58.28,134
06-12-2023,23.49,42.1,4.08,14.64,10.92,20.45,10.55,0.65,22.35,2.19,1.13,6.23,17.91,86.79,1.95,94.11,26.44,139
07-12-2023,24.06,51.09,13.86,18.13,20.59,23.07,16.51,1.44,10.4,7.88,5.65,20.71,18.9,85.94,1.57,161.64,40.65,148
08-12-2023,38.85,94.89,13.34,22.17,22.28,22.97,25.82,1.43,8.26,7.27,5.25,20.24,19.03,79.53,1.55,187.78,72.41,171
09-12-2023,46.97,116.29,11.08,26.18,22.57,26.34,32.8,1.46,16.43,7.03,5.58,20.37,20.38,66.88,1.57,213.21,147.17,278
10-12-2023,50.49,113.9,6.31,27.71,19.54,21.32,31.92,1.23,25.24,5.6,3.79,15.07,19.8,58.76,1.59,195.91,173.46,201
11-12-2023,68.43,142.18,5.94,31.61,21.28,15.36,37.16,1.4,28.61,6.8,4.22,17.51,19.84,61.35,1.55,204.07,159.66,217
12-12-2023,83.5,138.08,5.89,35.03,23.02,19.25,30.35,1.65,46.16,9.87,6.57,22.83,21.49,58.08,1.52,196.47,177.08,214
13-12-2023,71.36,118.6,5.93,30.79,20.85,22.67,49.22,1.32,35.76,5.79,3.05,13.37,20.93,61.82,1.61,172.64,146.3,177
14-12-2023,50.96,99.65,4.93,27.89,18.53,20.69,34.19,1.07,41.86,5.49,3.99,16.83,20.5,55.59,1.61,148.49,148.62,201
15-12-2023,56.79,110.25,14.44,31.26,27.91,25.2,28.1,1.77,42.63,8.87,6.93,24.31,19.66,55.27,1.59,187.71,156.56,166
16-12-2023,64.17,118.49,7.65,33.01,23.38,25.95,55.42,1.45,38.61,8.29,6.55,24.15,19.44,54.94,1.57,197.72,158.48,160
17-12-2023,57.61,105.07,3.91,25.59,16.51,20.43,34.76,1.12,59.31,5.72,3.37,15.85,19.55,56.3,1.55,190.56,140.48,234
18-12-2023,42.48,100.79,4.41,22.07,15.07,20.93,27.25,1.05,70.14,4.73,3.42,15.45,18.28,49.74,1.84,127.35,149.42,149
19-12-2023,48.59,101.29,7.32,25.66,19.28,25.17,20.98,1.36,64.52,6.67,5.7,20.47,17.47,45.55,1.74,130.35,162.81,129
20-12-2023,56.97,113.03,30.29,30.53,40.24,32.1,31.31,1.54,42.31,14.1,12.54,39.71,17.07,48.18,1.64,166.57,144.96,131
21-12-2023,58.59,130.93,22.89,30.17,34.12,28.16,41.87,1.9,38.11,12.92,11.01,37.36,18.29,48.61,1.58,175.93,157.89,184
22-12-2023,61.57,125.3,30.6,34.44,42.53,32.65,67.8,2.47,30.22,13.96,12.46,40.52,19.12,50.95,1.54,205.02,149.15,175
23-12-2023,73.3,142.41,15.41,35.81,31.06,27.55,64.9,2.6,35.35,14.96,12.56,41.18,20.38,52.26,1.6,178.16,151.08,147
24-12-2023,104.31,169.32,9.1,37.24,26.73,21.07,57.46,2.54,50.53,12.42,8.31,30.33,19.71,59,1.55,193.77,128.51,268
25-12-2023,120.69,180.04,16.31,33.57,30.08,22.49,56.21,2.35,56.4,13.47,12.02,35.32,20.24,61.17,1.54,198.12,135.1,310
26-12-2023,97.64,155.31,6.55,33.7,22.85,28.65,55.2,2.28,47.55,11.95,9.19,30.35,21.05,59.45,1.5,205.63,129.82,210
27-12-2023,99.94,161.73,5.17,34.27,22.05,36.87,54.57,2.28,44.44,10.96,7.75,27.52,20.96,61.24,1.54,182.39,125.13,178
28-12-2023,110.11,169.17,2.54,32.23,18.87,79.46,55.71,1.99,47.01,9.54,6.22,23.05,20.74,63.05,1.55,173.16,115.54,133
29-12-2023,108.59,161.45,3.75,33.62,20.57,68.54,55.95,2.12,44.68,10.37,6.12,23.83,20.57,63.6,1.57,160.42,110.38,134
30-12-2023,113.89,193.65,2.74,32.18,19.01,73.73,59.5,1.84,49.81,8.86,4.49,19.56,20.54,64.1,1.58,163.26,109.73,172
31-12-2023,111.47,155.43,2.25,31.63,18.33,75.01,57.04,1.96,43.52,9.68,4.43,18.69,20.37,64.91,1.54,198.44,115.39,178
01-01-2024,114.62,170.77,4.87,31.27,20.24,81.76,53.42,2.3,39.76,11.03,6.57,25.7,20.45,62.91,1.59,178.47,119.99,270
02-01-2024,97.61,213.54,7.05,30.42,21.55,77.74,50.74,2.39,35.68,11.64,8.01,29.08,20.44,63.31,1.61,182.66,120.41,219
03-01-2024,82.49,167.53,4.94,29.48,19.37,66.63,53.27,2.22,36.15,10.48,7.16,26.99,20.46,64.79,1.43,152.96,106.5,183
04-01-2024,74.32,139,3.46,28.32,17.57,32.41,45.37,1.89,42.64,8.18,5.39,20.85,20.51,65.82,1.15,123.58,96.16,161
05-01-2024,86.22,136.14,2.25,25.31,15.03,31.25,44.25,1.67,46,6.86,3.31,15.3,20.91,66.41,1.13,127.24,105.3,181
06-01-2024,75.3,125.75,4.15,22.9,15.29,29.41,43.27,1.72,32.58,6.72,3.56,16.22,20.26,69.4,1.31,102.14,69.88,148
07-01-2024,68.83,106.03,2.93,21.06,13.35,30.77,42.37,1.7,38.14,6.25,3.38,14.89,20,69.82,1.34,90.85,109.54,147
08-01-2024,77.29,149.26,5.33,25.38,17.53,29.71,37.65,2.05,37.87,8.16,5.95,22.41,21.08,63.28,1.17,126.34,131.37,133
09-01-2024,99.2,183.48,8.78,28.77,28.54,31.4,46.22,2.2,24.73,11.69,7.97,27.05,21.67,60.21,1.03,176.59,111.79,149
10-01-2024,92.37,175.29,9.34,24.78,25.1,32.34,67.37,2.06,42.14,7.73,4.2,15.83,22.55,61.74,1.02,228.9,94.69,142
11-01-2024,80.88,142.59,3.76,16.23,18.57,30.82,57.88,1.39,25.43,8.29,2.99,14.53,21.92,65.95,1.26,107.23,135.56,118
12-01-2024,72.8,145.1,7.02,12.75,31.36,9.7,59.6,1.76,35.37,8.39,5.27,19.75,22.28,62.63,1.18,137.22,154.32,100
13-01-2024,57.11,110.52,2.79,12.47,26.65,8.3,35.75,1.35,39.64,6.03,3.54,15.02,22.69,57.63,1.15,148.83,159.23,127
14-01-2024,50.33,101.24,2.59,11.58,24.76,7.34,33.14,1.4,44.19,6.51,3.34,14.11,23.18,58.16,1.09,175.51,150.58,99
15-01-2024,45.53,95.09,1.64,9.89,20.55,7.18,30.81,1.07,49.91,4.16,1.96,9.89,22.06,56.4,1.2,149.81,167.52,114
16-01-2024,54.88,114.72,5.56,11.88,27.38,7.65,25.42,1.6,49.91,6.34,4.09,15.88,20.62,56.55,1.19,140.9,175.38,108
17-01-2024,96.41,181.28,2.82,12.35,26.45,7.55,35.01,1.67,37.99,8.48,3.9,17.22,20.92,66.91,1.11,160.24,111.99,188
18-01-2024,77.25,140.02,3.35,17.82,16.94,7.81,25.33,1.41,37.16,6.02,2.7,13.57,20.98,64.06,1.25,124.2,104.19,161
19-01-2024,66.72,128.64,2.43,17.19,10.91,8.56,20.89,1.21,55.79,4.37,1.94,10.11,20.02,56.21,1.52,88.73,148.18,120
20-01-2024,85.54,157.18,8.16,21.57,17.81,9.99,30.51,1.5,35.35,8.82,5.17,19.15,20.44,63.82,1.27,143.23,123.79,160
21-01-2024,119.27,181.16,3.27,19.36,12.73,7.52,36.89,1.62,47.45,6.42,2.53,11.25,20.17,65.12,1.3,122.45,133.76,212
22-01-2024,103.37,170.18,2.75,19.24,12.23,6.72,31.52,1.53,53.58,5.51,2.35,11.48,19.75,57.28,1.39,102.4,130.37,214
23-01-2024,104.18,152.29,2.44,17.19,10.94,7.8,30.4,1.56,34.75,5.94,1.92,10.51,19.25,75.31,1.4,103.06,91.84,234
24-01-2024,72,127.32,4,22.52,14.98,8.19,28.56,1.56,40.41,5.73,3.4,14.14,18.97,48.38,1.21,151.4,183.18,164
25-01-2024,55.41,123.6,5.65,24.35,17.06,8.75,30.21,1.78,41.61,6.82,4.93,17.37,17.86,41.59,1.27,120.43,186.81,97
26-01-2024,86.73,152.88,7.16,25.14,18.87,5.9,36.36,1.94,43.35,8,3.54,14.95,18.31,48.96,1.17,142.29,186.6,183
27-01-2024,83.6,156.34,4.69,27.94,18.29,13.26,48.22,1.86,39.06,7.83,4.04,16.72,18.93,48.99,1.17,154.36,169.72,175
28-01-2024,79.66,148.8,4.54,25.12,16.77,9.95,49.32,1.93,43.73,7.61,3.71,15.1,19.79,50.63,1.1,168.53,177.92,162
29-01-2024,101.61,186.9,4.24,26.76,17.34,16.73,52.33,1.97,44.12,8.56,4.47,18.55,21.27,51.64,1.02,204.85,172.51,226
30-01-2024,86.27,158.16,1.28,20.59,11.78,13.08,46,1.76,53.18,6.86,3.63,14.9,21.55,54.07,1.14,174.01,167.93,182
31-01-2024,86.67,168.22,3.25,28.62,17.56,16.28,40.26,2,37.78,6.84,8.21,9.43,22,55.64,1.05,187.25,131.43,218
01-02-2024,83.56,157.49,1.87,22.73,13.12,13.03,36.91,1.76,53.58,8.04,10.16,16.3,22.87,58.37,1.08,184.14,132.06,198
02-02-2024,60.19,128.14,3.08,18.79,12.04,11.88,34.51,1.65,43.89,5.56,3.36,14.21,22.63,50.73,1.24,138.14,153.29,132
03-02-2024,49.79,126.2,4.08,19.49,13.21,16.16,35.08,1.7,39.1,5.93,3.39,14.17,22.08,46.33,1.2,152.42,191.82,114
04-02-2024,59.58,129.32,1.64,19.54,11.28,15.22,33.35,1.54,43.34,5.1,2.27,11,22.99,47.76,1.14,192.29,189.39,134
05-02-2024,75.62,165.16,7.04,26.37,19.19,19.63,40.81,2.24,34.59,8.96,5.61,21.56,24.51,52.81,0.98,229.87,167.5,161
06-02-2024,62.02,139.56,3.32,20.87,13.32,19.21,37.2,1.83,37.23,7.08,6.48,20.42,25.44,50.79,1.1,211.32,181.46,149
07-02-2024,61.97,142.48,2.55,15.55,9.92,25.44,36.83,1.5,45.45,4.28,1.71,7.94,23.12,58.95,1.44,107.84,185.11,114
08-02-2024,36.73,109.55,3.5,14.82,10.31,10.33,32.26,1.39,52.74,3.39,1.96,9.75,20.84,42.72,1.55,96.25,194.83,120
09-02-2024,37.65,100.33,3.71,16.84,11.62,14.54,35.02,1.39,49.28,5.27,2.61,11.3,20.22,37.64,1.48,90.17,218.84,94
10-02-2024,64.92,144.96,3.02,20.32,13.04,29.56,43.44,1.47,47.25,6.51,3.21,14.17,20.85,51.7,1.35,97.28,94.88,116
11-02-2024,75.84,143.36,1.52,13.6,8.32,30.03,35.47,1.04,47.31,3.88,1.63,8.14,21.85,67.24,1.34,133.19,100.97,200
12-02-2024,49.59,107.69,2.55,15.71,10.25,29.95,30.15,1.28,39.79,4.78,3.4,13.05,22.81,65.18,1.36,143.55,154.68,110
13-02-2024,27.99,99.08,1.93,15.75,9.78,33.91,28.61,1.1,33.58,4.04,2.46,11.44,24.25,62.37,1.21,160.59,160.87,118
14-02-2024,53.28,121.41,4,20.52,13.93,38.67,34.75,1.57,30.07,7.04,5.45,19.11,25.29,64.18,1.08,195.25,165.53,108
15-02-2024,76.41,131.22,1.87,14.7,9.04,32.34,47.1,1.21,58.11,3.94,2.25,10.37,24.2,70.77,1.48,98.87,174.9,148
16-02-2024,63.64,125.45,2.84,18.83,12.12,37.43,38.98,1.61,54.05,5.96,4.01,15.54,24.95,64.84,1.23,123.65,168.36,130
17-02-2024,62.47,115.67,3.84,18.73,12.22,32.75,38.7,1.41,53.99,5.06,3.07,12.31,26.27,57.23,1.12,183.25,187.45,154
18-02-2024,65.37,130.74,1.7,20.77,12.22,30.46,45.02,1.48,45.16,6.04,3.64,13.65,27.17,52.91,1.09,181.56,174.4,136
19-02-2024,50.4,121.58,2.11,19.66,11.89,31.31,42.18,1.39,46.45,5.03,3.64,13.22,27.66,48.57,1.06,212.98,196.71,116
20-02-2024,47.1,106.73,1.75,19.64,11.66,25.87,36.4,1.34,52.38,4.5,3.78,13.33,28.11,46.69,1.05,217.84,193.19,98
21-02-2024,34.87,97.33,1.59,17.06,10.18,30.35,32.5,1.1,43.96,4.02,2.79,12.27,27.79,43.77,1.05,245.55,228.03,100
22-02-2024,28.31,97.95,1.39,11.88,7.32,28.52,21.71,0.9,50.36,2.46,1.73,8.03,26.19,46.31,1.17,257.81,230.51,76
23-02-2024,43.43,130.79,2.53,17.47,11.12,23.32,38.82,1.43,56.33,4.53,3.19,12.28,24.61,52.49,1.28,149.24,212.79,102
24-02-2024,48.89,144.04,3.14,18.8,12.02,25.36,41.09,1.54,60.09,4.91,3.56,13.36,24.73,50,1.28,152.76,204.11,123
25-02-2024,61.68,128.25,0.88,13.2,7.6,23.35,51.18,1.22,74.56,3,1.45,7.06,24.39,57.82,1.52,117.08,199.11,146
26-02-2024,67.09,136.55,2.55,14.1,9.41,26.78,35.18,1.5,42.8,4.5,2.62,11.26,26.03,67.87,1.45,123.41,154.49,166
27-02-2024,53.19,112.83,1.83,14.08,8.82,25.64,36.46,1.47,46.91,4.28,2.43,11.34,27.23,65.54,1.23,174.78,191.55,108
28-02-2024,42.97,87.15,1.84,14.9,9.26,26.88,33.64,1.45,70.88,3.85,2.37,10.51,25.69,61.19,1.32,121.64,218.9,84
29-02-2024,48.47,108.32,2.04,16.48,10.25,27.28,41.27,1.53,70.3,4.26,2.85,11.8,26.45,58.34,1.27,146.92,221.43,116
01-03-2024,53.57,119.48,1.58,17.55,10.43,28.47,46.09,1.54,62.02,4.52,2.49,11.44,28.47,50.72,1.14,166.96,241.63,108
02-03-2024,51.6,124.74,4.43,18.92,13.44,31.13,42.58,1.57,41.28,4.62,2.6,12.6,26.61,55.42,1.4,131.88,115.63,109
03-03-2024,45.31,101.25,0.83,10.76,6.29,36.09,34.81,1,36.36,1.97,0.58,2.08,22.77,72.79,1.2,149.25,17.35,99
04-03-2024,36.6,104.74,3.61,21.23,13.99,29.67,52.13,1.65,67.61,4.8,3.35,13.63,28.48,43.67,1.26,181.81,327.63,68
05-03-2024,36.79,112.46,2.83,17.21,11.26,34.33,38.08,1.57,74.37,4.16,3.45,11.72,26.02,47.55,1.32,137.21,244.72,100
06-03-2024,40.03,116.2,1.94,15.95,9.89,33.75,39.18,1.58,77.3,4.47,2.91,12.13,27.55,48.19,1.26,150.25,228.07,100
07-03-2024,45.16,114.11,1.9,15.91,9.7,28.77,43.19,1.26,72.37,7.07,3.15,11.29,27.4,48.3,1.26,141.74,252.16,97
08-03-2024,52.11,126.69,1.97,17.17,10.42,32.65,38.4,1.12,65.91,5.56,3.85,15.07,27.49,44.62,1.31,123.47,242.22,117
09-03-2024,51.07,125.64,2.76,18.74,11.65,23.93,42.41,1.14,60.58,4.14,2.82,10.45,27.73,44.61,1.29,137.69,264.46,108
10-03-2024,64.93,129.07,1.71,16.97,10.24,21.55,23.18,1.15,62.67,4.43,2.95,10.39,29.15,45.91,1.24,159.39,243.23,134
11-03-2024,67.86,141.82,2.08,20.15,12.2,16.13,27.54,1.43,46.6,5.92,4.52,16.57,30.55,47.71,1.05,194.97,244.98,143
12-03-2024,50.33,131.23,2.86,18.21,11.8,15.3,24.36,1.19,44.63,5.1,3.38,13.11,30.76,41.4,1.07,217.47,242.45,108
13-03-2024,38.46,98.46,1.83,16.6,10.14,13.64,23.74,0.91,35.65,3.83,2.66,11.56,30.76,38.91,1.04,237.38,255.14,95
14-03-2024,47.19,118.71,4.31,17.65,12.67,20.8,29.55,1.13,47.14,4.24,3.48,12.66,29.46,33.83,1.15,217.7,254.77,95
15-03-2024,55.17,142.57,5.81,21.62,15.96,22.56,30,1.72,46.89,7.31,6.61,21.47,29.51,37.67,1.15,200.82,256.71,112
16-03-2024,71.63,177.81,2.2,18.91,11.63,19.15,34.77,1.33,45.14,5.19,3.01,13.83,27.62,53.51,1.43,129.13,177.66,137
17-03-2024,54,117.76,1.39,12.41,7.59,20.57,14.86,0.85,47.69,2.31,1.09,5.84,26.81,65.87,1.53,116.55,217.12,116
18-03-2024,42.51,87.99,2,14.65,9.26,22.87,9.21,1.07,32.2,3.4,1.9,10.02,26.87,70.79,1.33,149.05,232.19,88
19-03-2024,41.69,91.39,3.51,15.28,10.5,22.8,9.79,0.89,37.45,2.72,1.33,7.65,24.07,74.29,1.51,121.2,159.4,85
20-03-2024,34.42,82.82,3.27,14.9,10.33,14.68,15.45,1.17,36.68,4,2.46,12.33,24.57,64.22,1.31,145.77,264.82,74
21-03-2024,44.05,130.52,5.33,21.38,15.45,23.48,30.9,1.83,34.75,7.55,5.16,19.71,27.02,51.36,1.18,172.31,266.82,94
22-03-2024,62.99,160.24,6.56,25.96,18.82,35.9,67.89,2.17,49.9,9.87,7.51,26.59,29.41,46.51,1.08,187.87,253.12,123
23-03-2024,74.12,173.91,6.97,24.85,18.57,29.1,61.99,2.3,56.06,9.49,8.08,24.42,30.11,45.29,1.07,180.99,231.12,146
24-03-2024,79.93,164.62,2.15,23.24,13.71,39.81,64.67,1.75,53.28,7.97,5.57,17.84,31.34,42.57,1.06,202.4,226.25,165
25-03-2024,68.32,110.08,0.57,9.19,5.12,19.59,49.49,1.01,56.26,3.41,0.8,3.04,31.56,49.21,1.1,204.19,206.73,156
26-03-2024,37.85,70.95,1.43,6.37,4.48,19,32.69,0.76,40.69,1.82,0.67,1.85,27.85,54.97,1.01,195.1,0,92
27-03-2024,41.92,111.25,2.35,11.17,7.72,14.34,14.88,0.93,55.93,4.22,1.68,9.27,33.96,46.38,1.24,185.25,342.34,150
28-03-2024,58.01,134.87,2.95,19,12.29,22.53,28.37,1.57,50.37,6.85,4.21,18.65,35.71,41.15,1.08,218.18,329.5,118
29-03-2024,57.25,130.15,2.47,15.14,9.9,36.48,24.32,1.27,53.99,4.97,3.06,12.38,33.91,44.07,1.09,209.34,201.7,122
30-03-2024,38.29,112.28,3.1,15.41,10.54,45.99,26.15,1.23,52.32,4.1,2.75,11.61,31.94,52.33,1.4,142.24,204.82,118
31-03-2024,32.08,82.93,1.64,11.13,7.13,29.6,10.96,0.9,49.05,2.48,1.32,6.3,31.06,57.57,1.11,201.43,223.53,121
01-04-2024,58.55,102.87,2.23,16.2,10.25,29.22,31.63,1.04,25.08,4.77,3.64,12.32,30.59,49.66,0.98,250.89,206.33,114
02-04-2024,36.28,108.07,2.57,16.5,10.68,37.73,17.58,1.09,45.91,4.47,3.54,12.55,32.51,33.98,1.03,231.57,227.3,103
03-04-2024,58.38,166.84,8.29,24.22,19.3,43.19,55.29,1.85,52.78,11.06,9.55,30.33,32.93,37.12,1.05,202.19,184.68,132
04-04-2024,58.06,137.72,2.89,17.77,11.61,27.62,49.67,1.54,46.63,6.78,5.14,18.94,33.09,37.76,1.05,240.69,185.38,154
05-04-2024,39.02,99.74,3.03,15.75,10.66,21.81,31.36,1.16,40.67,4.57,3.22,12.78,33.26,36.33,1.07,243.56,229.12,101
06-04-2024,36.63,96.55,2.52,11.1,7.82,42.08,21.19,1.31,40.65,5.93,3.56,13.5,32.96,35.28,1.12,252.87,199.02,89
07-04-2024,48.03,114.79,2.98,17.13,11.34,16.9,28.31,1.22,27.7,5.16,2.3,11.13,28.17,48.87,1.34,145.85,32.6,98
08-04-2024,54.42,100.68,2.42,13.63,9.05,18.5,12.84,1.12,50.96,4.2,2.29,11.51,27.03,60.12,1.75,111.88,111.94,106
09-04-2024,47.47,77.76,1.42,11.11,6.94,12.05,5.32,0.92,44.72,2.88,1.71,8.21,25.73,67.32,1.56,150.65,150.34,95
10-04-2024,43.45,77.84,2.22,12.75,8.44,18.19,8.75,1.05,46.85,3.83,2.32,10.84,25.6,70.4,1.64,123.08,194.38,110
11-04-2024,26.42,53.48,3.79,12.12,9.37,17.53,20.69,1.26,25.73,4.92,3.82,14.77,20.81,84.15,1.41,149.65,26.62,64
12-04-2024,28.16,73.89,4.24,15.05,11.26,13.82,31,1.53,19.06,5.98,21.18,26.64,23.57,72.92,1.28,154.06,112.46,77
13-04-2024,32.69,76.07,3.12,12.89,9.07,35.31,19.12,1.31,22.58,4.87,5.81,16.56,23.8,79.5,1.3,179.06,105.44,78
14-04-2024,44.79,103.98,2.57,14.5,9.62,22.27,24.47,1.26,27.47,5.77,4.25,15.56,28.21,67.19,1.14,164.43,218.4,86
15-04-2024,46.9,97.27,2.11,13.4,8.69,14.69,18.66,1.07,35.57,4.68,3.11,13.99,30.49,60.24,1.08,205.46,200.76,111
16-04-2024,37.81,81.52,2.15,15.32,9.73,21.79,17.72,1.2,38.29,5.7,3.83,15.43,30.64,58.17,1.18,204.44,217.93,74
17-04-2024,41.91,114.84,6.74,19.06,15.37,17.48,29.58,1.71,40.32,7.99,6.27,21.08,32.62,49.15,1.12,214.56,245.21,96
18-04-2024,41.76,104.32,1.38,16.94,9.95,19.3,44.63,1.24,61.56,5.37,3.79,15.63,33.52,40.4,1.15,188.79,239.57,141
19-04-2024,52.39,117.64,2.58,17.5,11.21,24.21,49.14,1.58,51.27,7.46,5.17,19.68,34.53,41.13,1.01,225.97,232.23,119
20-04-2024,40.46,99.69,2.2,16.5,10.39,20.68,42,1.23,56.88,5.25,3.92,14.77,34.17,39.48,1.14,225.99,216,90
21-04-2024,35.98,83.59,3.44,13.7,9.92,22.15,31.91,1.18,46.35,4.5,3.4,12.84,33.84,41.55,1.2,210.59,215.66,80
22-04-2024,35.72,75.72,2.94,12.57,8.93,12.75,15.67,1.11,33.74,4,2.89,13.03,26.64,63.97,1.53,154.07,68.7,80
23-04-2024,32.97,64.22,1.78,10.94,7.14,18.99,10.02,0.91,44.1,3.11,2.05,9.61,28.64,62.07,1.32,177.03,219.63,73
24-04-2024,32.13,67.45,1.84,11.71,7.59,28.8,9.51,0.97,52.41,3.38,2.28,10.16,30.06,54.42,1.19,217.33,233.17,79
25-04-2024,24.63,57.46,1.64,11.7,7.43,35.62,18.33,0.91,53.95,3.51,3.48,14.34,31.95,44.42,1.19,224.39,191.67,66
26-04-2024,34.01,89,2.99,15.78,10.64,24.78,30.87,1.47,41.79,5.99,5.22,18.6,30.04,54.41,1.25,202.1,68.8,62
27-04-2024,39.15,84.43,3.58,15.67,11.05,38.8,27.98,1.69,49.56,6.37,5.32,18.8,31.47,51.2,1.26,159.32,218.86,111
28-04-2024,46.98,92.3,2.84,12.98,9.06,18.25,41.36,1.09,44.95,4.26,2.08,10.31,30.67,55.04,1.38,172.26,178.67,104
29-04-2024,53.48,122.19,3.65,16.96,11.79,25.33,42.06,1.28,42.68,7.56,5.8,21.7,32.54,52.27,1.05,199.24,143.55,99
30-04-2024,44.86,87.68,3.77,17.27,12.05,22.21,33.52,1.3,47.45,5.59,3.81,15.08,32.96,48.6,1.1,239.98,221.23,114
01-05-2024,29.02,86.08,4.2,30.41,19.26,19.44,22.98,1.12,47.08,4.21,2.81,12.31,33.26,35.14,1.08,245.03,232.33,92
02-05-2024,36.36,122.61,13.12,44.86,33.96,36.98,39.31,1.66,55.33,8.04,5.95,20.96,32.05,32.02,1.12,221.48,260.38,99
03-05-2024,48.29,149.58,7.47,47.06,30.58,25.04,42.82,1.5,72.65,5.9,3.67,15.08,32.32,30.35,1.22,188.6,246.74,150
04-05-2024,69.48,178.36,15.09,61.26,44.1,21.86,51.15,1.83,67.95,9.35,7.08,23.21,33.03,33.28,1.12,207.41,225.22,206
05-05-2024,56.49,129.17,7.68,49.78,32.17,21.43,35.7,1.38,43.83,6.03,4.42,16.35,34.6,34.98,1.11,238.19,242.87,153
06-05-2024,32.34,80.41,5.29,33.23,21.61,21.41,13.5,1.11,33.46,4.48,2.88,13.08,35.57,36.86,1.15,245.05,242.28,71
07-05-2024,38,127.4,5.57,26.65,18.39,21.98,15.5,0.73,32.64,3.84,1.64,8.42,31.09,54.88,1.37,196.7,197.26,75
08-05-2024,33.48,99.49,3.04,18.74,12.2,30.04,12.9,0.77,38.85,4,2.51,10.54,30.21,58.25,1.3,165.44,201.81,81
09-05-2024,29.74,66.16,1.59,16.97,10.14,20.98,13.4,0.76,33.93,3.47,2.44,10.06,26.16,70.61,1.34,179.48,71.52,78
10-05-2024,33.92,83.67,3.29,19.34,12.75,22.27,13.58,0.79,34.18,3.72,4.57,16.12,29.34,64.69,1.26,180.14,232.47,63
11-05-2024,38.16,107.04,11.7,23.84,21.84,23.53,25.51,1.49,47.44,7.02,6.72,20.63,31.54,54.46,1.02,211.93,197.55,84
12-05-2024,43.59,124.59,3.13,18.62,12.24,28.22,47.97,0.79,43.76,4.4,2.58,9.99,30.97,56.26,1.15,204.69,155.98,116
13-05-2024,22.71,61.86,2.27,15.22,9.77,22.44,11.57,0.82,68.12,3.39,2.44,10.12,29.02,62.51,1.1,206.13,173.7,96
14-05-2024,42.03,98.52,2.55,16.38,10.6,23.65,28.52,0.92,63.7,4.26,3.19,13.1,31.24,52.92,1.29,192.8,230.19,102
15-05-2024,41.54,87.59,3.09,17.96,11.86,23.17,24.95,1.24,67.2,6.14,4.67,17.1,30.62,52.42,1.13,192.01,115.61,87
16-05-2024,54.69,108.2,3.54,15.92,11.16,20.95,29.17,1.03,69.34,4.15,2.43,10.66,30.33,57.61,1.27,157.72,200.03,143
17-05-2024,47.48,89.24,3.38,14.76,10.42,25.86,24.9,0.95,31.17,4.17,3.37,13.22,28.72,68.47,1.17,185.08,95.32,96
18-05-2024,20.33,54.77,4.61,10.75,9.31,26.29,10.39,0.57,26.96,1.69,1.17,6.1,30.24,61.05,1.13,197.16,222.25,50
19-05-2024,27.64,111.93,4.46,13.37,10.56,27.19,20.22,0.65,37.18,2.15,1.4,6.1,31.87,56.18,1.13,201.46,219.94,67
20-05-2024,42.16,107.48,2.96,14,9.69,27.52,28.25,0.92,39.84,4.45,2.6,11.22,33.39,55.35,1.11,190.62,214.7,74
21-05-2024,40.35,95.21,4.36,17.99,12.89,26.83,28.74,1.06,49.29,4.75,3.58,14.35,33.52,54.57,1.14,186.86,130.14,88
22-05-2024,35.6,88.37,2.6,10.81,7.74,27.2,19.48,0.73,67.85,2.55,1.5,7.9,32.78,54,1.27,188.87,207.62,99
23-05-2024,41.19,86.29,3.1,15.8,10.75,26.24,16.21,1.06,68.82,3.95,3.03,11.24,32.89,54.92,1.15,200.9,209.25,93
24-05-2024,44.43,112.7,5.4,20.33,14.95,27.22,30.88,1.73,59.31,7.8,6.9,24.3,35.5,47.99,1.08,191.54,200.97,102
25-05-2024,53.3,113.45,3.04,16.89,11.26,22.47,31.11,1.23,71.55,4.46,2.98,12.49,34.53,52.22,1.41,134.52,201.78,139
26-05-2024,62.47,139.55,3.1,19.56,12.71,22.28,38.64,1.25,45.97,5.24,3.17,12.65,35.27,50.25,1.03,222.29,108.35,143
27-05-2024,35.38,98.7,2,10.35,7.02,25.54,19,0.79,61.39,2.93,1.62,8.31,37.09,41.86,1.18,258.33,194.28,99
28-05-2024,32.59,104.4,2.47,12.56,9.28,22.82,14.08,0.76,49.47,3.77,2.62,12.19,37.13,43.52,1.12,228.99,221.2,97
29-05-2024,31.01,108.07,2,15.56,9.73,24.67,10.19,0.52,36.51,3.77,2.45,12.23,37.12,39.66,1.04,237.41,220.08,108
30-05-2024,30.74,105.75,2.56,15.73,10.27,23.85,10.2,0.53,44.12,3.73,2.65,10.93,36.96,40.53,1.08,245.14,215.31,101
31-05-2024,35.98,112.74,1.48,14.77,8.91,24.08,13.27,0.48,51.27,4.03,2.29,10.59,37.4,37.71,1.14,251.89,221.42,107
01-06-2024,34.14,111.62,3.98,24.81,16.71,24.19,20.15,0.84,50.02,4.09,4.13,14.29,37.3,37.86,1.12,238.5,183.48,96
02-06-2024,35.18,102.98,5.63,26.27,18.24,21.03,22.11,0.76,66.8,3.52,3.1,11.8,35.25,42.39,1.11,219.67,91.55,117
03-06-2024,33.26,90.71,3.3,22.07,14.18,18.85,13.05,0.51,68.55,2.28,1.5,7.43,33.36,53.2,1.14,221.72,192.01,80
04-06-2024,29.05,72.12,4.64,22.89,15.68,21.73,4.78,0.45,43.92,1.9,1.2,5.92,32.05,56.59,1.09,236.58,121.01,66
05-06-2024,33,81.35,4.73,29.52,19.22,22.71,28.11,0.73,49.57,3.51,2.49,10.48,33.63,50.28,1.11,224.81,161.18,82
06-06-2024,40.81,85.16,3.41,19.7,13.03,24.9,22.94,0.5,45.53,1.6,0.96,5.13,33.18,52.83,1.21,215.08,177.53,76
07-06-2024,36.97,82.63,2.56,18.26,11.59,24.96,15.4,0.76,45.43,3.29,1.54,7.52,33.27,55.74,1.15,203.76,204.19,66
08-06-2024,34.17,87.57,2.49,18.91,11.87,22.5,10.62,0.74,33.03,1.72,1.12,5.78,33.49,52.06,1.29,195.51,203.6,89
09-06-2024,43.22,81.68,0.9,16.7,9.45,22.61,13.71,0.76,84.26,1.4,0.84,4.01,32.89,56.04,1.14,213.73,187.7,107
10-06-2024,39.95,77.03,2.47,21.05,12.98,22.18,13.72,0.88,57.5,2.07,1.4,7.28,33.42,53.7,1.19,220.08,201.47,88
11-06-2024,40.28,84.38,1.85,15.79,9.73,24.07,12.91,0.82,83.41,1.61,1.03,5.56,33.08,52.83,1.3,219.91,205.15,96
12-06-2024,31.35,59.4,2.62,13.65,9.23,24.15,7.37,0.83,55.93,1.89,1.42,7.26,30.77,63.66,1.09,234.97,111.86,74
13-06-2024,28.84,62.04,3.17,15.69,10.74,15.32,7.39,0.9,53.55,2.22,1.58,7.94,32.54,56.44,1.11,228.17,107.88,62
14-06-2024,26.55,62.85,3.07,11.48,8.46,14.67,4.71,0.72,47.67,1.42,1.06,5.56,32.04,58.06,1.14,231.71,129.14,64
15-06-2024,19.95,43.98,3.16,12.7,9.17,12.81,6.53,0.73,46.04,1.3,1.21,5.33,32.64,56.92,1.09,232.78,188.52,50
16-06-2024,20.14,49.07,3.15,13.89,9.78,7.56,13.64,0.91,41.76,1.88,1.66,6.77,32.05,58.73,1.08,235.3,122.51,55
17-06-2024,19.85,48.87,3.63,11.48,8.91,8.59,14.3,0.74,41.31,1.08,1.29,4.72,29.76,69.78,1.17,214.71,172.06,52
18-06-2024,19.99,44.97,4.03,12.36,9.69,10.22,11.78,0.83,39.02,1.64,1.22,6.43,29.14,73.51,1.17,219.71,184.09,48
19-06-2024,17.42,47.21,4.12,12.59,9.88,10.77,10.5,0.87,29.45,1.92,1.35,7.34,28.81,73.74,1.14,216.69,136.5,44
20-06-2024,14.44,41.69,4.19,11.12,9.17,12.57,7.53,0.79,25.37,1.48,1.1,6.24,30.01,68.63,1.22,203.04,161.72,45
21-06-2024,11.24,32.36,3.38,10.04,7.96,7.95,5.22,0.82,22.38,1.36,1.07,5.82,27.16,81.47,1.09,230.71,138.52,38
22-06-2024,16.85,35.66,4.18,14.54,10.95,10.46,7.73,1,14.25,1.73,2.12,8.2,26.21,85.63,0.98,236.09,55.84,42
23-06-2024,27.44,52.15,3.89,14.29,10.58,10.28,7.08,0.95,18.21,1.51,1.49,6.24,27.24,83.19,0.96,230.44,77.13,52
24-06-2024,20.55,41.91,3.33,10.23,8.02,8.78,8.67,0.8,29.88,1.23,1.12,6.25,28.64,75.15,1.05,214.91,129.15,55
25-06-2024,19.26,44.32,3.93,13.88,10.4,10.48,14.27,1.07,30.61,2.24,1.7,7.89,31.49,66.51,1.09,215.39,225.93,50
26-06-2024,14.03,36.95,3.11,12.02,8.77,9.12,11.28,0.94,28.71,1.72,1.49,7.32,32.27,62.08,1.07,211.99,195.79,43
27-06-2024,12.54,37.62,3.75,11.66,9.09,7.93,8.32,0.93,19.36,1.65,6.76,17.67,28.91,77.47,1.09,208.29,121.79,37
28-06-2024,8.85,22.6,3.12,9.23,7.32,10.44,4.52,0.84,12.84,1.24,1.36,6.71,26.66,86.13,0.98,228.64,42.04,38
29-06-2024,11.71,31.36,4.92,9.45,8.88,9.56,12.51,1.08,12.72,2.22,1.61,8.39,26.75,83.67,1.02,222.5,81.22,31
30-06-2024,14.98,36.7,4.8,10.75,9.47,10.42,15.51,1.23,13.79,2.67,2.36,10.37,26.4,87.17,1.1,191.99,74.84,48
01-07-2024,10.98,31.65,2.5,11.19,7.85,8.74,8.4,0.81,14.03,1.79,1.13,6.3,25.93,87.53,1.04,223.2,61.15,46
02-07-2024,13.83,33.46,2.9,10.58,7.85,5.42,5.52,0.41,13.72,1.34,1.14,5.75,26,82.38,1,225.93,51.2,55
03-07-2024,16.27,36.78,2.01,11.44,7.59,6.41,5.63,0.52,18.99,1.83,1.2,6.75,28.05,76.93,1.02,229.09,159.1,44
04-07-2024,17.59,42.76,3.47,12.05,9.08,7.34,12.21,0.74,12.67,2.48,2.19,9.62,25.98,88.32,0.98,225.55,44.42,58
05-07-2024,14.24,30.74,1.7,9.83,6.5,9.43,9.59,0.55,13.36,1.59,1.29,6.83,26.33,87.04,1.01,231.9,142.81,49
06-07-2024,14.87,31.37,2.78,9.72,7.31,9.96,6.77,0.53,14.08,1.48,0.97,5.27,26.44,86.83,1.01,229.33,106.39,41
07-07-2024,18.59,54.24,4.16,11.66,9.43,6.1,8.61,0.72,10.16,1.95,1.52,6.92,25.13,93.31,0.95,228.66,29.14,42
08-07-2024,19.03,46.69,3.46,16.04,11.16,7.68,12.65,0.89,20.95,2.83,1.97,9.67,26.86,86.33,0.98,215.83,115.7,44
09-07-2024,18.41,40.39,3.35,13.15,9.56,7.5,7.63,0.65,18.01,1.53,0.92,5.39,27.49,82.48,1.12,189.02,116.25,49
10-07-2024,15.58,33.37,3.63,10.73,9.25,15.09,8.74,0.67,17.02,2.61,1.18,6.22,26.83,85.23,0.99,221.8,55.37,62
11-07-2024,14.88,39.3,5.04,13.2,17.53,20.36,9.93,0.98,11.09,2.93,4.15,13.38,27.11,85.89,0.94,225.82,54.83,43
12-07-2024,15.72,43.41,4.28,11.68,15.8,13.77,10.85,0.69,14.02,3.9,5.6,24.83,27.83,81.66,0.96,221.98,81.33,56
13-07-2024,17.34,33.44,5.6,12.07,14.49,319.18,9.61,0.82,13.94,3.28,4.73,20.17,27.01,83.57,1,216.02,75.08,60
14-07-2024,17.1,26.16,4.42,11.26,14.77,65.84,19.25,0.66,11.17,2.66,2.6,11.86,26.25,88.32,0.98,220.23,92.67,37
15-07-2024,18.99,45.3,5.33,14.15,18.91,51.1,20.89,1.08,17.46,4.69,6.85,27.88,26.77,88.11,1.01,206.4,93.52,46
16-07-2024,29.5,54.75,4.88,16.09,14.65,26.76,13.63,1.2,16.22,4.58,6.83,29.02,26.64,89.95,0.98,193.84,34.37,56
17-07-2024,20.92,37.98,2.55,16.37,10.6,25.79,12.17,0.87,16.62,2.92,4.1,19.93,25.91,93.14,0.95,221.36,40.97,68
18-07-2024,9.73,25.41,2.56,13.73,9.22,25.61,9.34,0.92,17.12,3.29,4.38,21.25,26.57,89.71,0.96,238,91.54,38
19-07-2024,12.32,27.75,2.83,12.12,8.6,21.3,8.06,0.78,12.94,2.86,4.3,18.25,26.73,89.13,0.97,230.21,86.99,44
20-07-2024,7.12,15.59,2.6,10.34,7.49,22.28,8.81,0.69,11.29,1.42,2.13,10.09,24.4,97.17,1.18,209.82,14.86,34
21-07-2024,8.11,14.34,1.78,8.98,6.12,18.99,8.4,0.65,11.4,1.61,2.12,8.04,25,95.42,1.04,223.56,54.91,26
22-07-2024,7.51,16.53,3.75,10.64,8.55,19.41,5.37,0.74,11.38,2.45,3.85,15.89,24.72,94.65,1.03,219.17,48.3,32
23-07-2024,7.39,18.33,3.64,10.18,8.24,16.96,7.03,0.67,11.95,2.14,3.23,13.85,24.69,90.7,1.05,212.16,33.86,42
24-07-2024,7.7,14.31,4.17,11.25,9.22,18.24,7.95,0.8,8.44,1.83,3.39,13.96,23.6,94.93,1.01,212.97,2.13,35
25-07-2024,7.72,21.69,4.94,11.85,10.15,12.62,10.28,0.86,8.65,2.21,4.14,15.15,24.62,90.6,0.99,206.12,24.24,34
26-07-2024,9.52,29.83,3.71,11.09,8.77,19.3,8.8,0.9,8.58,2.32,3.83,15.09,24.5,91.07,0.98,211.94,10.74,46
27-07-2024,10.33,36.1,5.26,11.53,10.24,24.42,14.02,0.88,5.61,1.8,8.26,14.52,23.62,97.81,0.97,220.5,0.65,35
28-07-2024,9.32,27.58,4.67,10.9,9.43,23.54,10.19,0.8,8.13,1.39,2.43,9.55,23.18,98.96,1.02,221.37,1.75,27
29-07-2024,9.91,21.89,4.68,12.53,10.3,21.8,10.57,1.03,7.79,2.56,3.87,16.33,23.71,96.78,0.95,221.86,27.83,37
30-07-2024,11.81,28.95,3.93,12.72,9.79,18.8,11.01,1.02,8.64,3.17,4.32,19.27,26.84,86.65,0.93,229.03,115.74,36
31-07-2024,15.45,43.59,7.25,13.55,12.89,18.99,8.77,1.13,8.16,3.1,4.3,19.55,25.86,88.87,0.95,217.98,29.58,48
01-08-2024,19.21,35.95,6.59,14.38,12.79,16.67,9.48,1.08,6.94,3.01,4.78,21.67,24.89,92.8,0.96,214.75,18.29,49
02-08-2024,16.15,24.42,6.98,12.57,12.17,18.54,12.82,1.1,5.15,2.59,4.23,17.64,23.53,97.24,0.94,216.15,2.05,42
03-08-2024,10.62,20.34,7.06,10.66,11.23,17.12,9.03,1.01,5.71,1.94,3.35,15.09,24,93.7,0.97,218.14,4.23,37
04-08-2024,11.37,18.78,6.67,9.57,10.34,17.07,8.52,0.96,10.57,1.42,1.91,8.53,24.09,95.37,1,218.21,13.22,28
05-08-2024,10.93,24.73,5.17,11.62,10.22,16.29,11.37,1.04,11.82,2.4,3.07,14.85,26.21,87.58,0.93,212.14,86.34,38
06-08-2024,12.22,33.9,5.98,12.67,11.41,14.21,9.04,1.09,11.3,2.25,3.3,15.66,26.64,84.47,0.95,213.37,85.02,48
07-08-2024,12.22,32.55,8.33,13.41,13.69,15.42,14.91,1.24,8.65,2.77,4.54,19.92,24.88,91.23,0.91,216.59,18.33,49
08-08-2024,13.84,30.22,8.22,14.01,13.91,13,19.74,1.23,10.24,2.83,3.9,19.6,24.43,89.62,0.94,214.46,16.52,48
09-08-2024,21.4,44.69,4.76,14.52,11.4,14.37,19.37,1.21,9.18,10.66,4.18,19.58,25.21,86.9,0.9,221.8,48.39,49
10-08-2024,18.93,40.5,6.85,12.09,11.83,22.37,18.14,1.16,6.42,6.96,2.4,10.75,24.64,86.74,0.97,210.04,38.31,48
11-08-2024,12.14,32.85,5.28,10.59,9.76,33.69,7.84,1.05,6.42,1.62,3.35,6.94,25.82,84.74,0.96,214.2,74.45,41
12-08-2024,11.95,39.17,4.37,12.58,10.08,31.16,11.13,1.3,7.18,2.54,1.84,8.59,26.83,81.73,0.93,219.35,70.69,43
13-08-2024,13.73,45.04,4.2,14.6,11,13.6,8.33,0.85,8.04,2.27,2.29,8.61,28.01,79.45,0.93,215.41,128,52
14-08-2024,14.73,43.44,8.91,13.97,14.44,16.54,8.5,0.97,9.07,3.69,3.68,13.46,26.92,83.84,1,183.82,65.31,43
15-08-2024,18.15,32.38,5.05,16.52,12.69,15.91,17.96,0.77,8,2.52,1.24,6.35,24.97,93.85,0.91,207.23,62.31,47
16-08-2024,19.73,37.29,4.76,16.84,12.5,18.14,8.47,0.75,4.51,2.64,1.65,8.31,25.04,93.09,0.9,208.12,51.5,47
17-08-2024,22.01,41.46,6.82,14.27,12.92,23.43,10.79,0.79,1.48,3.71,3.26,12.22,25.87,90.71,0.87,217.61,14.26,51
18-08-2024,18.77,57.57,6.19,16.74,13.71,13.94,14.24,0.84,5.09,3.55,2.91,11.78,27.6,82.48,0.99,186.25,71.46,58
19-08-2024,17.65,46.6,5.08,17.9,13.43,20.45,8.94,0.57,11.33,1.93,1.34,6.77,26.67,78.05,0.98,214.06,68.07,58
20-08-2024,12.75,31.31,3.25,14.98,10.43,24.31,6.81,0.51,20.2,1.59,1.29,5.53,27.6,78.37,0.92,224.67,124.74,42
21-08-2024,12.59,52.2,2.08,14.18,9.07,22.96,10.08,0.5,19.93,1.43,0.98,4.76,29.15,76.54,0.94,214.75,134.46,52
22-08-2024,22.24,65.18,4.21,16.51,12,19.22,4.81,0.56,20.27,1.57,0.96,5.06,27.78,79.52,1.02,198.69,67.27,66
23-08-2024,11.57,30.67,4.15,13.1,10.17,18.23,2.47,0.49,16.97,1.19,0.98,4.46,26.19,81.87,0.98,210.06,76.53,46
24-08-2024,12.26,24.43,6.45,10.83,10.8,19.97,6.62,0.55,13.3,1.18,0.81,3.98,24.32,88.74,0.98,219.83,22.76,34
25-08-2024,8.35,20.55,3.04,7.66,6.44,24.4,5.61,0.45,8.76,0.87,0.83,3.19,23.46,90.88,1,219.02,13.21,28
26-08-2024,12.83,34.48,5.22,12.27,10.59,21.99,10.97,0.63,7.98,1.61,1.49,5.84,25.38,83.7,0.94,221.38,59.36,39
27-08-2024,14.13,39.03,2.39,12.62,8.51,14.74,11.43,0.62,11.32,1.71,1.51,5.63,27.17,75.86,0.91,217.09,121,50
28-08-2024,16.3,47.79,4.49,12.91,10.34,14.71,11.47,0.74,6.72,2.94,1.11,5.29,27.89,73.66,0.94,215.45,128.4,50
29-08-2024,25.7,56.87,6.65,15.5,13.43,15.2,20.86,0.85,5.97,3.6,2.79,9.98,25.89,83.63,0.93,220.4,27.11,49
30-08-2024,26.07,42.64,6.03,18.15,14.32,17.82,17.93,0.67,1.17,3.82,2.12,9,24.78,90.97,0.96,224.58,42.47,52
31-08-2024,25.33,59.43,5.71,18.29,14.13,18.43,9.5,0.74,14.3,3.01,2.47,10.43,27.42,80.66,1.05,210.41,94.42,41
01-09-2024,23.46,64.08,7.08,14.95,13.48,17.2,11.77,0.84,18.62,3.22,2.6,10.55,28.12,79.44,1.38,131.92,170.77,60
02-09-2024,17.9,46.01,5.98,11.26,10.68,16.53,12.58,0.64,16.39,2.12,1.44,7.49,25.7,89.34,1.43,104.31,74.92,59
03-09-2024,19.2,42.07,3.84,12.2,9.35,14.56,13.23,0.7,15.66,3.39,1.25,6.63,25.71,86.24,1.15,149.71,48.42,34
04-09-2024,16.54,39.84,5.71,15.27,12.55,16.98,12.52,0.71,14.83,3.2,1.67,8.63,26.37,85.48,0.96,213.48,42.27,45
05-09-2024,25.66,60.12,6.07,16.14,13.3,14.07,12.75,0.66,15.49,3.44,2.15,8.37,27.07,80.33,0.96,220.65,70.83,45
06-09-2024,25.38,71,5.33,12.29,10.69,13.37,18.83,0.49,14.98,3.59,1.43,5.86,28.04,76.97,0.97,231.8,161.32,58
07-09-2024,22.58,65.63,6.52,13.58,12.32,27.09,22.09,0.54,9.28,2.5,1.04,4.18,26.61,83.95,1.01,222.3,115.25,50
08-09-2024,20.31,41.27,3.3,12.97,9.43,27,12.88,0.62,9,2.9,1.36,6.07,26.94,83.83,1.01,236.48,113.29,39
09-09-2024,25.06,50,5.92,12.97,11.52,33.79,9.95,0.76,9.02,3.28,1.6,7.66,26.53,85.7,1.05,233.94,104.88,48
10-09-2024,24.04,35.29,6.95,11.82,11.75,18.36,17.24,0.97,7.14,4.44,2.17,9.7,24.38,97,0.98,209.85,0.47,49
11-09-2024,22.37,52.61,5.95,8.48,9.2,16.33,15.45,0.7,7.42,3.87,1.08,5.3,25.74,86.22,1,223.85,75.38,44
12-09-2024,30.21,70.03,9.1,18.33,16.86,16.48,8.18,0.64,8.61,3.14,3.05,9.55,25.44,86.63,0.95,222.76,65.18,60
13-09-2024,24.48,64.06,6.72,15.47,13.45,17.19,9.09,0.59,12.81,3.12,1.73,7.78,25.75,81.61,0.96,221.13,86.18,51
14-09-2024,26.53,94.9,11.46,18.37,18.79,18.59,9.3,0.67,16.33,2.76,2.34,8.82,26.61,72.04,1,225.51,181.54,70
15-09-2024,23.24,83.29,8.05,17.6,15.64,13.59,11.17,0.61,17.94,2.51,1.31,6.33,26.57,71.85,1.02,233.19,163.49,73
16-09-2024,33.48,88.18,5.14,17.59,13.3,19.27,14.13,0.73,22.68,2.91,1.4,7.5,27.06,71.85,1.09,246.38,156.63,58
17-09-2024,32.08,88.25,5.53,16.89,13.25,13.8,7.05,0.57,22.82,2.35,1.3,7.25,26.11,75.45,1.09,228.7,25.14,70
18-09-2024,30.83,84.75,3.35,17.92,12.05,15.86,9.31,0.65,23.29,3.22,1.64,7.92,26.63,75.1,0.98,226.45,123.23,62
19-09-2024,42.34,110.86,3.97,23.03,15.22,14.29,25.17,0.8,25.92,3.85,1.9,8.12,28.01,72.96,0.94,235.45,141.47,81
20-09-2024,46.38,129.9,5.95,21.3,15.9,14.24,26.21,0.97,23.47,4.93,1.84,8.84,28.2,74.1,1.01,231.83,142.01,90
21-09-2024,48.17,127.17,5.97,21.22,15.87,9.56,17.71,1.02,23.35,4.68,2.29,10.21,29.23,71.84,1.02,219.06,131.99,88
22-09-2024,40.79,80.45,4.88,19.15,13.9,14.75,29.12,0.93,23.53,3.84,1.59,7.03,27.34,81.27,1.01,209.86,133.24,82
23-09-2024,49.36,89.74,4.48,17.41,11.66,19.89,24.77,0.85,19.36,4.66,1.39,7.37,27.67,80.66,1.04,210.52,104.92,72
24-09-2024,28.43,56.88,8.39,15.84,15,16,25.31,1.03,9.31,4.61,3.22,13.14,24.58,92.61,0.97,215.28,0.26,67
25-09-2024,33.78,70.15,7.09,19.92,16.09,14.15,18.21,1.08,7.64,5.16,3.1,13.82,25.38,90.74,1.02,173.84,26.36,56
26-09-2024,30.65,58.2,4.76,19.87,14.19,7.78,14.95,0.8,11.13,3.52,1.8,8.79,25.27,90.89,0.97,189.14,55.66,69
27-09-2024,28,43.84,5.93,14.41,12.28,9.31,17.36,0.77,7.71,5.16,1.26,6.88,25.64,90.73,1.02,198.41,79.92,50
28-09-2024,25.8,63.61,6.94,16.25,14.05,15,5.04,0.65,7.43,4.19,1.21,6.41,26.72,82.86,0.99,211.67,112.78,50
29-09-2024,38.5,76.34,8.77,19.51,17.22,13.38,22.46,0.79,10.77,5.46,1.19,5.94,28.33,78.47,0.91,224.27,174.01,56
30-09-2024,34.59,79.4,6.58,20.27,15.58,9.72,27,0.88,12.57,4.9,1.78,7.91,28.77,78.2,0.94,215.65,139.5,66
01-10-2024,42.1,88.77,5.84,22.24,16.21,9.13,31.52,0.91,16.44,4.85,3.28,8.67,29.19,75.82,0.91,229.84,176.1,64
02-10-2024,43.14,86.6,2.65,23.28,14.29,9.65,16.16,0.94,21.08,4.75,2.42,7.77,29.62,70.39,0.95,237.11,171.9,78
03-10-2024,44.46,93.24,4.15,21.55,14.59,11.82,30.6,1.04,19.51,4.76,1.9,8.45,28.9,69.93,1.04,231.12,158.21,84
04-10-2024,50.86,105.87,4.18,21.76,14.73,9.26,23.63,1.05,25.49,5.57,2.85,11.68,28.93,69.81,1.01,236.21,177.01,94
05-10-2024,49.72,132.98,4.32,25.18,16.62,6.41,31.54,0.98,27.7,4.51,2.9,14.49,28.74,66.18,1.02,211.02,156.47,111
06-10-2024,44.51,107.44,6.5,24.1,17.8,9.13,30.39,1.27,25.46,5.66,2.74,11.82,28.43,64.59,1.06,189.75,130.69,93
07-10-2024,46.34,117.96,6.54,29.29,20.54,9.89,26.34,1.23,22.18,6.46,2.69,12.15,28.35,65.26,1.08,175.28,175.4,98
08-10-2024,66.62,144.37,4.27,22.35,15.1,18.9,30.84,1.2,19.83,4.09,1.49,7.84,26.86,77,1.09,171.21,81.65,127
09-10-2024,71.13,136.55,12.13,28.24,24.42,34.44,26.96,1.58,14.09,4.73,2.85,12.02,27.01,78.6,0.99,177.43,71.58,130
10-10-2024,54.54,110.42,5.15,18.55,13.82,9.03,47.82,0.5,10.16,4.03,2.33,10.32,26.82,80.76,0.99,199.88,85.94,124
11-10-2024,43.58,77.56,5.5,12.71,11.05,10.76,33.89,0.58,11.15,3.5,1.35,6.24,26.85,79,1.03,203.76,109.85,83
12-10-2024,22.18,51.29,3.99,13.85,10.44,9.13,12.01,0.7,12.98,0.15,1.67,10.96,26.71,77.07,1.17,159.51,187.99,64
13-10-2024,27,65.74,3.84,16.22,11.56,9.67,11.75,0.8,14.56,0.76,1.28,1.3,27.23,76.21,1.15,159.79,139.45,58
14-10-2024,32.16,85.63,9.46,25.24,20.76,13.83,14.98,1.08,12.74,1.11,1.31,1.1,28.04,73.47,1.12,136.23,155.67,66
15-10-2024,44.25,103.74,8.6,15.49,14.99,13.3,15.1,1.15,11.34,1.11,1.32,1.11,27.9,73.55,1.13,139.13,130.86,90
16-10-2024,63.19,130.56,5.12,27.83,18.65,13.1,21.4,1.2,20.99,2.75,2.48,5.5,28.03,73.2,1.14,138.7,125.46,113
17-10-2024,71.8,152.9,7.2,19.94,16.22,27.63,20.65,1.15,15.82,2.22,2.26,9.25,28.39,73.87,1.18,112.51,121.07,157
18-10-2024,60.74,124.82,5.81,18.98,14.58,11.66,17.73,0.93,13.3,3.38,2.17,7.8,28.14,73.51,1.15,148.99,161.97,132
19-10-2024,48.8,93.9,7.79,32.48,23.22,7.71,20.59,1.09,13.66,1.02,1.13,2.25,27.04,76.36,1.16,166.11,120.02,84
20-10-2024,34.74,68.54,6.99,19.11,15.59,11.34,10.24,0.99,8.54,1.12,1.32,1.09,24.67,81.67,1.03,221.37,13.73,73
